boolean,tf,tfidf,embeddings,st,wmd,label
0.3133550768945259,0.3977362214068485,0.3512905768809413,0.504792203505834,0.13402396093200272,1.087518529990202,1
0.43123437515231045,0.4908560222377805,0.447260613087634,0.4659145002563794,0.25434667892598856,1.145485240135179,1
0.44638452947313806,0.5624094956814806,0.5177975306355395,0.4938351825500528,0.2420557786244899,1.1053462179162536,1
0.4265912168340911,0.48621303217665046,0.4415910360700496,0.444909845574353,0.10797567833035898,1.0872481176555842,1
0.4343735874527937,0.5607059481990642,0.5040033082999217,0.48400877928361297,0.23870692933754376,1.1113153311166042,1
0.4486774038948419,0.4861760553596485,0.4480068549681546,0.5400753984084496,0.16611074183422786,1.1056061196986264,1
0.4400124879200823,0.5815218086116393,0.5136054821448389,0.6295408975136908,0.22294361116119513,1.0493866875876534,1
0.3486233305228432,0.35487827046863424,0.33732278737342414,0.5362238649498013,0.17091295076534152,1.088787712393117,1
0.3097360522884804,0.34281255768711955,0.321602143378379,0.4566662862896919,0.13655444396426902,1.1219085294509363,1
0.43164416587817694,0.44275665393768543,0.42729358757206876,0.5051577010058931,0.15086433855218015,1.0677159567071497,1
0.41779474118391235,0.6537478610349616,0.5759842762390294,0.6286794143287759,0.1845416984839463,1.1063191567291124,1
0.4074671497294954,0.4613779083215763,0.4103451752003777,0.5877644051190304,0.18424467146194176,1.0629437799941066,1
0.4105154756405858,0.4627017037333186,0.4249100777302115,0.5216129233962611,0.13288769388179245,1.1208675201784242,1
0.4977740772947415,0.5849504626848627,0.52336643380931,0.5564692226323215,0.1861879856579683,1.0820369072445355,1
0.38504966143272223,0.393842588031709,0.35260609647554886,0.47870192186286054,0.14651827980026913,1.1034697249221561,0
0.42723796472501463,0.5280991943161812,0.46806009802125953,0.5055386734505495,0.14344226211930314,1.1243362810537514,0
0.3838759325592976,0.4436312520945908,0.40243866602160033,0.4991313759237528,0.11034523095198286,1.1056852233179846,1
0.4284946313822175,0.44883732576029967,0.41725691212805155,0.49819573544357953,0.1814434884581715,1.116114133465205,1
0.3788976523837651,0.3596089965909793,0.33749965950093164,0.5594076362748941,0.25361313627411924,1.0823560181760281,1
0.4526256465348617,0.4950293104294256,0.45575792252433583,0.5202338991997143,0.13299219717252223,1.0804131232674925,1
0.28634438525706896,0.2719181056610162,0.25433959448286947,0.5329552506480146,0.28088062462013436,1.070503326413715,1
0.429624195937491,0.5090193029773162,0.464687319181162,0.5662456672977317,0.19320544697852296,1.0835811876267545,1
0.35754382966074444,0.40826689951171496,0.36179516368589226,0.5317017591247956,0.1850948337620745,1.0809641028487305,1
0.4910578057600374,0.5066438699996477,0.4699573187516552,0.45466845819416146,0.1292276006929266,1.1324225399961856,1
0.38233489909334256,0.4715024293840524,0.44482506527058263,0.6087456672422348,0.14305575651627395,1.0795134240507493,1
0.3934333350944559,0.42201929975990543,0.3727033233666082,0.5252045049435563,0.26613611887829997,1.0623421204830867,1
0.4729015230983282,0.5348824419586795,0.4867499006333768,0.5594991986555132,0.21794495397162708,1.0798706127960898,1
0.40830183923386104,0.6053761566897164,0.5369319238892123,0.5476862865367106,0.20169438787602953,1.1006393155699352,1
0.5221503319431592,0.54360295688232,0.5054870708575511,0.48414511512964964,0.14728869090322405,1.1514591105007648,1
0.4734508293141476,0.5695788864295017,0.5247032197716713,0.5093313378336675,0.16568586990401588,1.0968162987810692,1
0.387606108621806,0.4333223725416049,0.39120093822536545,0.5234175415337086,0.1276173245627433,1.1221079575728627,1
0.35876949414289183,0.44499501726682694,0.4007990630266649,0.5311060759992826,0.2030739839720939,1.0630693491957997,1
0.41728216095002124,0.5167108028377673,0.48953533096358115,0.5602608961172593,0.1765815945676504,1.0999113639549456,1
0.4300842309768893,0.43774318533271894,0.4105060548525852,0.4880185866107543,0.22690148703340027,1.0637579823742906,1
0.42295025364460537,0.5238679134638816,0.4493346158835223,0.5892406439310626,0.15895532135312496,1.0918308251269986,1
0.38554213037153623,0.39774881124494377,0.37016786511333244,0.5052901357412338,0.15851375792796413,1.08849008823421,1
0.47797091049745566,0.5452960252232796,0.5067047503851438,0.4917782164282269,0.14165081441816357,1.134177034598355,1
0.48330017521144336,0.6268701348298922,0.5572143039535815,0.5084028646815568,0.14639673399506137,1.1359837077883068,1
0.4547873803849461,0.5548097584678433,0.4918845874700638,0.5692548152843588,0.1702377505379876,1.1124174001162108,1
0.4043264557470927,0.46256805270776963,0.40580307461763515,0.564071878304948,0.1789423228778026,1.0806292428852435,1
0.3817865493662517,0.430120341491379,0.4014783023431163,0.5612872658918301,0.21302020111276457,1.0742050695947707,1
0.40416838978215297,0.48225350343944856,0.4220663190078958,0.526315685962477,0.17595889359982986,1.093676017299047,1
0.41244932343606044,0.47472611857863667,0.442051612509339,0.5465963961262452,0.21219100372400135,1.1163013287740708,1
0.4160216003829785,0.44807121030235053,0.39630043735561504,0.5764776741064364,0.21147105733173027,1.0563312664920093,1
0.4534763555958662,0.525544889290801,0.4846275103235929,0.47084857608107006,0.12859564249149777,1.131886838005759,1
0.4008223730059584,0.5574084205171919,0.5090984079639521,0.550168938934803,0.09480885850886504,1.1010341542739421,1
0.4117652997354248,0.4334702084602804,0.3951008236511593,0.5236960257969651,0.23295272390047708,1.0941004872919016,1
0.3591164105118874,0.43630216375687303,0.40752777439419113,0.5320385005325079,0.16995678583459398,1.1117934800320206,1
0.36904923356341496,0.411016551920214,0.3865213380620534,0.539782621897757,0.17240926664089784,1.0856906640161776,1
0.46180976249661687,0.615397237977941,0.5388840075270013,0.6524162300323185,0.24377361103573716,1.0852044033655535,1
0.45045449728542186,0.534518239759071,0.48683967651838556,0.5334547824509766,0.17187898162671406,1.1370971763396953,1
0.5062769307522873,0.5551167184733155,0.5002369920926389,0.5691746731288732,0.2822178036672994,1.0688115530612259,1
0.3693767417205504,0.4277955592643722,0.3998862314522937,0.582464188337326,0.1791910159346812,1.1029695492789,1
0.411475169387968,0.4397127971116721,0.3995808499664799,0.5452435260602072,0.24438256903679348,1.0932602836129648,1
0.35410323731628657,0.4099732604318579,0.35908180146244206,0.4724469798617065,0.09100272251525894,1.1031768874690209,1
0.4045629895486366,0.4821754090714677,0.4217253622342971,0.5323476928341038,0.2357637521413648,1.0988086847345055,1
0.3935982043576837,0.4321870267625665,0.3855627386656478,0.6007658805259887,0.3092350173084175,1.0204152124527013,1
0.3419013699797358,0.3966576427106306,0.3561324417597711,0.46273197171588737,0.14293154734574878,1.1394450155794373,1
0.4436210286179474,0.5808009443818968,0.5273593298526229,0.591424727137538,0.2330097561378194,1.0766322071899495,1
0.4246874590310364,0.5193058318234177,0.4521411115863065,0.557071696035564,0.21687738762314743,1.053486284693997,1
0.3867169060407729,0.45069702344402934,0.4037283732910309,0.5380111847605024,0.17553323336427898,1.0744765122022268,1
0.38828124243140943,0.42686689861182564,0.3926518397484583,0.528564569637889,0.19739619849161022,1.0842233603347098,1
0.36433291200104023,0.42584360474074634,0.38832144529513946,0.45142597635276616,0.1365577775723068,1.1017435195005927,1
0.39231388282087803,0.4426601252384283,0.3926208745975068,0.471368752269163,0.22256596966070077,1.1159032386182381,1
0.37208737272524706,0.4238456723313174,0.3800532716263259,0.5156482375093869,0.12634920208947734,1.107002881309966,1
0.4476968313918494,0.5176522786984127,0.4629292302503366,0.5627282500605691,0.21765557691370221,1.072346557467523,1
0.47170302246596285,0.5952834321936392,0.5331056752592498,0.5897791869938374,0.2090080053312704,1.053300242400017,1
0.28301403789923285,0.28875893319006984,0.2527572144654223,0.5571731171355798,0.2052721037493589,1.0351615338705074,1
0.37280672163945927,0.47533930357510396,0.42537579301915557,0.5467980042673074,0.16023671757788038,1.1088546511357484,1
0.492881238802565,0.5723299781131204,0.5267970447980662,0.5088722142188445,0.23097103083020318,1.1302717057264455,1
0.4385279775673105,0.507688573254278,0.46923527989218733,0.5458159521222115,0.3070893888284142,1.067680441330521,1
0.40003338484659523,0.501476081173781,0.4679933345621493,0.489968122116157,0.19877118235343091,1.1134955621285942,1
0.410452378146607,0.6180336805286987,0.5495693739781634,0.6338777561721048,0.21395064059546903,1.0856846045589894,1
0.33617092703184526,0.4379934525844744,0.38551551344606266,0.5664853293448686,0.10341822529444471,1.067161423198359,1
0.40836369057652144,0.4284471984157603,0.3915838559050388,0.5341705674162278,0.1846530944771635,1.1142108212766666,1
0.4359730546607461,0.45732561279021056,0.43022205521718654,0.5164523014488319,0.15863929176703095,1.1180269321458682,1
0.4395292813804546,0.5132070548195047,0.48158578247532635,0.5065484330767677,0.12341185748606684,1.0882214755319115,1
0.38247582903799054,0.3846526097486021,0.3547505235988535,0.5389039525045798,0.1528068911463309,1.085027290252475,1
0.2865511697303703,0.35783445542696085,0.33971280751634353,0.5089370957849657,0.12932237065123284,1.1192803161452336,1
0.3807424509522038,0.40385253945543026,0.36459389625240535,0.5526606495613637,0.12514183054799619,1.0802551457624778,1
0.41923130775130263,0.4825782964599153,0.43085441824209253,0.4914523494274666,0.21676585221818337,1.130867978269192,1
0.3912012257886095,0.47680284138017265,0.44465279052432544,0.48683445136994125,0.15109471910400316,1.1062403590875418,1
0.29362858871881203,0.3971418060914807,0.36123080520751605,0.49456200301647185,0.20050501516088842,1.0945451920483258,1
0.373261300339065,0.4408813564633401,0.41277106353466797,0.5699004909644524,0.24156849288071194,1.0688417697910315,1
0.41274757576795046,0.4470239168842967,0.4117476381370773,0.5903971555332342,0.30010818627973396,1.0673540626492455,1
0.3415496722410554,0.33818444177548623,0.3079335018733926,0.5035735044914943,0.1915436745979465,1.1066505083683216,1
0.47542194863374454,0.5300248753864002,0.4840219141814777,0.542013085881869,0.26085421834141015,1.0755710926042281,1
0.43878293697008625,0.43920451240699865,0.39869836637726175,0.5792378577239373,0.21342461264473112,1.0992462717618452,1
0.4129209158151514,0.47123973081201825,0.42869580405232005,0.4718564654723173,0.13173103662741528,1.1360820335724715,1
0.42799800722563736,0.5221768500150321,0.47461701632964126,0.5526919843008121,0.23700694010282555,1.1149476182124003,1
0.47507410425517144,0.5285835987237514,0.4760812923524798,0.5079465850832916,0.12350187488343745,1.133667936990556,1
0.3787104019331444,0.4196590384057152,0.38927490485517124,0.5637746947068795,0.2074010430963016,1.0840048353774963,1
0.4248291872979088,0.4864743132455134,0.43069898212029756,0.5645724441856146,0.302381331132104,1.0668438068359327,1
0.3606005700407211,0.4359954936477775,0.39700790508389994,0.4698967600862185,0.0934839731392761,1.1066275201813158,1
0.39383351188724214,0.4471634602490118,0.4028650052423153,0.5875984020531178,0.20091703218286452,1.0769580270303256,1
0.35032002004751134,0.3922276627994017,0.3701088616598914,0.46278982795774937,0.15392667606647592,1.0794585249664452,1
0.4761925411952202,0.5322344960703542,0.4869050283634049,0.5076111329888756,0.18251382843167943,1.1070061307168617,1
0.4167733336634249,0.4425465410518811,0.42003855460597,0.465464082484444,0.11996783421685299,1.1321832141470616,1
0.4082001951243373,0.4743458970456825,0.43628849475202885,0.5557202023143569,0.20231010504843047,1.076160231837846,1
0.4263605022581397,0.5980901903958817,0.5291278441706263,0.5227168118137688,0.1597944167331748,1.1072517260839654,1
0.4277656464120391,0.45743573745057226,0.4250138709556688,0.5008541972033287,0.15714828649192655,1.135688680376453,1
0.44180186601388155,0.6173755074580041,0.5709221938154377,0.5512451508054228,0.24623571533822652,1.076885955580978,1
0.434657517259138,0.4396574541104304,0.40212266837082966,0.5422827054674809,0.1982548967612764,1.0818457691269014,1
0.3856277509896036,0.47245374881614866,0.42396555428705707,0.5235917602116481,0.17189535185193214,1.0644175640363343,1
0.3034052952040063,0.35063397831111726,0.32742911605424024,0.4932248778641224,0.20266012038337067,1.1148275918708148,1
0.5851230110581277,0.6577694118094298,0.6288129121660458,0.4801388770075781,0.10358678331041508,1.1085543011726444,1
0.3879007817346281,0.46102293969937685,0.4066557636676366,0.526310551263716,0.17788008447615025,1.1118321964221736,1
0.45376481800661156,0.6132644050560814,0.5487269553630144,0.557511898434975,0.2192321622066877,1.0760765262300018,1
0.34971832625203386,0.37425954956982016,0.35540848087560734,0.5019867318371932,0.2408633073636641,1.1079665164590156,1
0.4300525945522285,0.5525845511531817,0.48907891949069826,0.5657646957784891,0.22805950827896596,1.0565529891379906,1
0.48527180505262607,0.5951986698594625,0.5417234728908508,0.5456684819608927,0.2352648453274742,1.069691787377854,1
0.4559996451450378,0.4614190477221797,0.44115084654549935,0.39592072307040876,0.09414864413385444,1.1482021211993285,1
0.40890871838192494,0.47024669854137335,0.43805214598912917,0.5521270213648677,0.2215219846305748,1.1008633995452148,1
0.423740772449659,0.49446240639439837,0.43738700623838406,0.5148067383716504,0.2790388786699623,1.0875493575883295,1
0.47007895832584257,0.4749185794286582,0.4347974015392938,0.603869489604427,0.2638513299546415,1.014186598505172,1
0.4099832079032453,0.5079004816157002,0.45811753319337123,0.5829748697578907,0.15849079383516926,1.1065849300565278,1
0.4174728425636914,0.4547808008072763,0.42704972032230076,0.5554243428142447,0.2243973906090679,1.0850535146685487,1
0.46154288471001576,0.5092878896835936,0.46997889001688964,0.5127946213922567,0.19749165885150433,1.1135834047583506,1
0.38676313565795145,0.44458550046636075,0.40351447411581187,0.47945616906508803,0.1325604128166257,1.1035470037139599,1
0.4452779879205959,0.4362566590439752,0.39708583572006867,0.5053489014195899,0.2026410275268265,1.0741689338159603,1
0.45094071064088115,0.4746760359239469,0.4273733822448287,0.4909638883890929,0.1886817942528675,1.0777512538807343,1
0.4948502787538525,0.5634745512489383,0.5077611769001713,0.5351819382870898,0.13324670685345635,1.101442039038883,1
0.4662216268533459,0.48974675017676705,0.4622908306632019,0.6042758606947385,0.24715493445356304,1.0434883346072257,1
0.3487114151533257,0.3402252452266878,0.31161384939362713,0.5151638908867251,0.14155592415645196,1.1182607067791699,1
0.4900332041308554,0.6140583858434246,0.5622261630765285,0.5203847509363423,0.21520549992261373,1.113222152391448,1
0.4808713827949946,0.5787077174375006,0.5208285197288276,0.6402209499164632,0.23195977290896208,1.0498733507560143,1
0.467416976308347,0.6416704719908035,0.5832097987931378,0.531251417561656,0.13155770340623954,1.1344182005712267,1
0.41926910376916704,0.511241781177532,0.4714964926792756,0.5444046777080406,0.21137168461626227,1.0938216854373817,1
0.42433827275317676,0.452096137191159,0.4032877273014411,0.44040341302752495,0.22882445296272635,1.1806555425429013,1
0.4082697900611685,0.4544007791037195,0.4119554616747707,0.48129003844223917,0.11112735748611158,1.0940488676726805,1
0.34657434991892017,0.3633459751509409,0.34169331764346694,0.4204298183321953,0.11037050604021975,1.1350589163014952,1
0.4121790989445003,0.5112079849822718,0.47074157445080783,0.534511856113871,0.1721215801759778,1.058303977033969,1
0.26941473560601575,0.3628442350600924,0.3243848126917037,0.44185102451592684,0.1347579174907878,1.1342331680174496,1
0.492991345289266,0.545541416200082,0.5095190729148737,0.4699444217341287,0.17402847766477084,1.1498971663923545,1
0.33641144359733466,0.4288606786615173,0.40986664713783383,0.4777934283018112,0.20093227454150717,1.1223628453767889,1
0.4155223931118865,0.4870292443346566,0.45259168876205796,0.5249646633553008,0.19455298131894475,1.0938957025622826,1
0.4545291832548966,0.41461997066350553,0.39062422546747405,0.5557853585999945,0.12724336836001146,1.0639662581818776,1
0.4306125149697672,0.6044672454675117,0.5242108248070074,0.5950359709953007,0.19767972741177992,1.1046970232615116,1
0.4358005386253329,0.5979163125135155,0.5341924614914224,0.5572847894539958,0.2175531912974915,1.1090664138668538,1
0.4328121224477059,0.47963758497516007,0.4371656953503972,0.49585957676172254,0.2481831687502563,1.110932039958182,1
0.4638718063292531,0.5992980680405448,0.5424378224895913,0.46918005432401383,0.16762264262485718,1.1293727143620858,1
0.3939479769712513,0.46021134749088344,0.4115440259578495,0.4795833326876163,0.14703129312256352,1.1192161199868012,1
0.42386222007808455,0.5336792596492126,0.5117383862960009,0.5669532784571251,0.16479490166238975,1.0587947129874546,1
0.2706531203544459,0.46014839241472505,0.4337664341731177,0.5153446470697721,0.22930184255043665,1.1050361302144955,1
0.41354131011372547,0.4605059318925644,0.40695334041586817,0.5592838048058397,0.18048766833346555,1.0834652413071435,1
0.44303881983775606,0.553094609975033,0.5068783705766301,0.5287642052806005,0.2274424366755184,1.1178499586367412,1
0.39766275176352556,0.5061371167956079,0.4370696536256098,0.563397079706192,0.1646049889662352,1.1130768408049616,1
0.3737344526421588,0.49728091603329977,0.43923041453687833,0.5544713087535152,0.22575812608314058,1.0708383619904849,1
0.4306174569615626,0.47769760151322027,0.42514042141171116,0.5012616705967159,0.11762872764488637,1.1107064796654693,1
0.37837889103397954,0.48196223683118683,0.43235935020709687,0.5764836706221104,0.2002724795602262,1.0960780922936177,1
0.42416302710996595,0.5891935409970305,0.5402575574335394,0.5563054462386803,0.16619882787662474,1.102763375416325,1
0.4992906644541445,0.5359446812539105,0.49229647939508986,0.5070442055662473,0.26367850859339037,1.0986103602650494,1
0.42841245930625654,0.460556490931314,0.4260177653183051,0.46717350614360637,0.16090532790662515,1.1781968418482298,1
0.3592940168311093,0.4312988955515092,0.37750400748667223,0.5921621793194821,0.21608107981860245,1.0825748213953477,1
0.36477363054644707,0.34399025255396115,0.2931576684959499,0.5222342436512312,0.2138510280702677,1.1342522085126252,1
0.45681384925791746,0.5448129542453174,0.49719582146327673,0.47988258488476276,0.25945682226059336,1.1085354787447677,1
0.40497019642166676,0.40546458585819317,0.36879181476430234,0.5642088326099126,0.16834429901538658,1.079979496383135,1
0.47695154405272144,0.5444621535069726,0.4987704699472053,0.5657569512259215,0.1935722421767423,1.0814329541406704,1
0.37121226741165253,0.41403885447647343,0.379197601292137,0.492330115661025,0.2086394897312857,1.1122840096423834,1
0.4081032717307234,0.4870640554094524,0.4400039631705638,0.5437266377975112,0.21629648367145463,1.0847420920829989,1
0.36024941285303286,0.4572291464564251,0.4110451411115375,0.4871439879227962,0.08638548586584095,1.1298274473393815,1
0.5091928200890455,0.5501833710515034,0.48833894997085225,0.5416576014831662,0.21804470120114275,1.0980114712543156,1
0.39644003666375965,0.3915120729793207,0.3511516677012244,0.61681735895428,0.29917013926395014,1.0393434646197572,1
0.5095810797186732,0.6210024751715418,0.556763645179162,0.5719113978557289,0.16035239128783965,1.1169013287106695,1
0.4248485245056954,0.47533603258549484,0.44142137792226793,0.545245509463198,0.1501065909752951,1.1137892127913633,1
0.2905706456063213,0.34457277375511186,0.31304393132042213,0.4752708865950505,0.17698044950763384,1.1428783581499373,1
0.4204177008419764,0.48617415602142366,0.44420350639054523,0.5616767154458691,0.16977181888925022,1.0962477926750633,1
0.37588157174510334,0.4381990949152337,0.4051465802555121,0.5264625226457914,0.15493545956754437,1.098155657390863,1
0.49005260671104467,0.5449087400349316,0.5046428906119876,0.5390632545406168,0.20103326334025373,1.112789488723986,1
0.4248044734983711,0.4510220748480028,0.39599093383233086,0.5491952590333918,0.1958302485581953,1.0522675817468943,1
0.3896557164347113,0.502354216054772,0.44527107552958795,0.5958530162663563,0.21262695138221202,1.0675189171190325,1
0.2987952848309546,0.27695249310775183,0.2619843408741609,0.42791676117728156,0.08045284503411192,1.135321341022269,1
0.4957853730597982,0.6052635135609605,0.5514190430991872,0.5712833292782307,0.21971817184239625,1.0872297351622555,1
0.42192635366602566,0.5706500474878499,0.508562101649341,0.5535817826656919,0.18487811402270668,1.1251587047553968,1
0.25254813388967956,0.38340005022660434,0.3395375314038529,0.46878035739064217,0.1816723495721817,1.1341251906398118,1
0.43334290487023747,0.457618200070659,0.41209811062832524,0.5522113130427897,0.12574894249064528,1.1029312878380195,1
0.34832045029954367,0.4355297092875274,0.38183208986248135,0.5802131189114373,0.1814492331493808,1.0656007683110091,1
0.4062038029127765,0.456557107810908,0.4152519022482301,0.5880021422939457,0.15026770582746551,1.0647149090531018,1
0.4695921060981011,0.5167999619024974,0.497659252825569,0.5056929722428322,0.15456384362187237,1.0902747679473672,1
0.3824561919013438,0.4278698319866029,0.386095673276192,0.5429741164048513,0.15810658369834224,1.1023270635638553,1
0.4993291096826062,0.598284014949064,0.5308639009758065,0.5491726013521353,0.1736677774784362,1.115082723645021,1
0.44440883087357713,0.5073118864590801,0.4745885810768865,0.6089492101708184,0.16135068403799896,1.0478522994642967,1
0.39305876669058576,0.4620534508715299,0.4068055789220877,0.5938418089695598,0.18297544258403714,1.0713872830131599,1
0.31790377277009,0.3871997484591416,0.37079303963611304,0.50063481554389,0.18809487321414053,1.102024707352016,1
0.47269288774566093,0.4691740715551318,0.45160421864243955,0.4391658706590533,0.12555731425527483,1.1405927676908785,1
0.3221439409361686,0.45933526173524175,0.4395482581550363,0.49293583010633785,0.22506292106118053,1.1214181270611483,1
0.4738300401839182,0.5588857913277848,0.49334218401544994,0.5533675371110439,0.2070322397723794,1.0900079897322974,1
0.4617533594254098,0.5132520544181159,0.4705288540250433,0.5204037653489245,0.21368635428370908,1.0705939594029013,1
0.45697825039780265,0.5886073699963217,0.5175456101996241,0.557282822413577,0.1462306577531207,1.0985302780369586,1
0.429567717830058,0.4703076070691399,0.4318930478088244,0.477627438493073,0.14557417837204412,1.1558316599981686,1
0.4104409610879143,0.41823019765251745,0.3841854434165201,0.49732998106628656,0.1277079137507826,1.1759332269214275,1
0.40317505997372777,0.473248905253897,0.4276478068950372,0.5027125336540242,0.14432576359346663,1.0703179861199688,1
0.44646427813835493,0.5330066559821967,0.4636882809925393,0.548679621424526,0.22081139785322276,1.0702384733738113,1
0.4205411555235717,0.482541914105856,0.42926784664080114,0.5234549680026248,0.1468156620588464,1.0624762544181874,1
0.28227837918312754,0.4244768866922894,0.4008202546336046,0.4552087082217137,0.17294704518280923,1.1238136552630986,1
0.42369489828901963,0.5262302859866512,0.4868296583029806,0.548739894396729,0.11939808617656429,1.0971008584886068,1
0.44296474816390047,0.5724459774721238,0.5158850530408654,0.5658866854553873,0.2125295728487386,1.0832039256540733,1
0.42419316199521834,0.4942227004641767,0.43108293745927645,0.5412029581765334,0.15949493635756273,1.0615134010913503,1
0.30865430542714045,0.4258471934655054,0.40235774501106186,0.4926732983440161,0.23558528271193305,1.0859430280183568,1
0.5607195146518392,0.5347696257151449,0.5194051434539443,0.5155496889104446,0.16499715492439768,1.1474706249367792,1
0.4254738971644614,0.5346596536071128,0.47268832364893626,0.5577578915076123,0.18158064495461682,1.0670995149775473,1
0.4333427525664928,0.4994670923328404,0.4528487672152214,0.504963870996084,0.1728036100200067,1.1099816508767908,0
0.42273725555893693,0.49590398109979117,0.4395475142698195,0.5017288400481145,0.2399204078440865,1.0993940869827334,1
0.43966655939991656,0.46390762821637826,0.42779430809472824,0.5992665086751399,0.17043455923988443,1.064859601028217,1
0.39831440079806973,0.4150615420543836,0.37414474036329814,0.4847371288575232,0.1539194408338517,1.089307272699489,1
0.43879904135580566,0.5279027561391176,0.47720007011417914,0.5251895685990652,0.23701568750699084,1.0902302881516657,1
0.38377961261453425,0.3745026223428137,0.34393957981999,0.4505958205461502,0.11844152250513434,1.0972004423788992,0
0.41056722452428,0.4600314082893996,0.4149121719011945,0.445886451854474,0.17382841969891968,1.102006712438388,1
0.4237692058331506,0.5079432524900231,0.457555423716842,0.49250966970893467,0.18821288461119615,1.1698064572160694,1
0.4602030109073714,0.5493308240300565,0.49558553697680907,0.5279214268343316,0.12687725241347733,1.108833682525244,1
0.3399761398646184,0.3880142372207194,0.35656370272145715,0.5252333714937171,0.17406200512778014,1.0820668935774918,1
0.43581525033658547,0.4598347416096,0.4179638003460249,0.5456228242773149,0.20461773591685212,1.061932185197591,1
0.5153388191632223,0.5579538094403688,0.5214374216857017,0.4926668523500363,0.18165984982818675,1.0951389201579522,1
0.4631267822042762,0.5598601890222418,0.4978282262503135,0.4804212756562924,0.19534845677190932,1.1447244090227675,1
0.4356195100819794,0.45504068449060514,0.4377163217470525,0.4542115008110528,0.14935772391650212,1.138260325125185,1
0.4386627436818548,0.468327015927791,0.43460989449227094,0.512682981887146,0.15225612405246416,1.1242747070993504,1
0.44724324563532447,0.5075908482148136,0.4593673334395243,0.5407722887511437,0.140087783009781,1.0721419512247614,1
0.4562107053423585,0.481229795844154,0.4283860928159645,0.5425715578719974,0.2663831373831878,1.1229426617659237,1
0.4400381765321025,0.514519292996056,0.4646864505900737,0.5313129386887318,0.20901950644102038,1.0944803369372071,1
0.4298484464900788,0.5042947559310622,0.4461205849797209,0.40580586101859806,0.12825748221172642,1.1543589624673356,1
0.47076035980724623,0.5861709388798572,0.5342295566797525,0.5346847429635033,0.15773312029029643,1.1347023374726872,1
0.33101144358798407,0.35020319647736114,0.33166264460139644,0.4680711063600722,0.10020895746891342,1.100777502892559,1
0.4663047761518572,0.5458016372933142,0.49276223095762073,0.5337901878215018,0.12915658853238537,1.1154173194817314,1
0.43596268948480554,0.48419676961172314,0.42465409840510077,0.47588837339232365,0.258953327468286,1.1147766786232338,1
0.39127354593581487,0.4331135405079271,0.3927375904233962,0.47772896760603883,0.1294847784338744,1.1275990132008953,1
0.40564082872041635,0.46889538836699624,0.4314362485022251,0.4233757806165765,0.1082053702363434,1.1369381350651155,1
0.40471669551787104,0.49244314231826675,0.44868990532274294,0.5496823183127812,0.23930622227489948,1.0357385078018397,1
0.4503809413178937,0.605143563252378,0.5392382472348397,0.545697381127287,0.18390771361406555,1.0965557762799074,1
0.36257820230244747,0.4786378377223715,0.4322472551279357,0.5245429335073346,0.23477175388307797,1.0898844931867608,1
0.41830091481240034,0.4686931571219681,0.4212177368434927,0.5432874604696181,0.20101151436044856,1.0875754305392138,1
0.39619031187578024,0.3981876165529607,0.353234200993245,0.5470768871552804,0.22766521830550013,1.0639536097911122,1
0.37383073936568834,0.39265846932466336,0.35687571905753457,0.5116492896858189,0.17590629504734856,1.1313830669254978,1
0.3905182557052274,0.44619512046171855,0.4144551973764072,0.5859630438188712,0.29762346651405097,1.058406026402691,1
0.36220268437481756,0.43370275722573126,0.4008804148868421,0.4983393605798483,0.14061916687060147,1.0870183946193566,1
0.4346634152888545,0.5159833023800346,0.4640687830897578,0.5776974342523082,0.20339058427921225,1.0550592910034995,1
0.43843505839664576,0.47094997263080957,0.4355773238315953,0.5058088609805473,0.17470104049604673,1.1223366107432085,1
0.4542868856095929,0.4824019200829934,0.4457166510333768,0.5128936586280664,0.11378055769018829,1.1313923752149966,1
0.40003109857374824,0.4539554817023111,0.3954238253426129,0.5178052701410794,0.13225542405243254,1.1129412544233608,1
0.45835285709679946,0.5425158816701321,0.4806147029879631,0.5736550828441978,0.3019728982510666,1.0505369958237891,1
0.43554880894846154,0.5105761670710629,0.47798080680345123,0.5350310036114284,0.1967884667129034,1.095138226826522,1
0.45278324644072193,0.4729234469140858,0.4193782795073528,0.5448263899112741,0.17605453405606872,1.0874075093690674,1
0.41063306484156564,0.4817371932878329,0.4487044481039179,0.5487071410752833,0.19595258905610535,1.0709207039518036,1
0.4529560049584368,0.492298282925547,0.4613922300520424,0.5351083407178521,0.25808142588163413,1.0826625866079425,1
0.40499895935403624,0.449604529757558,0.38798191993695413,0.5131135267050316,0.1832325784701728,1.081262043588935,1
0.428422979389322,0.45007980744927967,0.41568330086848887,0.5276603163465073,0.12462377292716778,1.0809930963194039,1
0.4015101850103497,0.43476059977652326,0.40136682105109833,0.46592410239908433,0.17143924977345806,1.140590460501201,1
0.4007601722219285,0.4241489466602162,0.3871176265443074,0.5398578234016895,0.23688763167763896,1.105071999122274,1
0.40657510743312014,0.45260703251555584,0.41253826627002654,0.5137041850309623,0.12521077695572258,1.126660946131904,1
0.5890011419733183,0.6073779332797011,0.5948933624219126,0.49803796224296093,0.14995020770584233,1.1541210420707644,1
0.6299297518943837,0.6487455967605931,0.6181084206020964,0.42711942959790944,0.11556776410942876,1.091013926642165,1
0.437275971214752,0.46645367928559406,0.42059989494704975,0.47000379612048465,0.15534785555468666,1.1189741876405697,1
0.4167002476133097,0.48653853559534765,0.44589612353731584,0.5807108760851881,0.14677616975614396,1.0848644363962776,1
0.44206700540569055,0.49386525679987364,0.4504409234732092,0.5204438159449233,0.15252466291551375,1.1111332283071713,1
0.4596341097702404,0.49166323587172284,0.43547147653810625,0.5599750547359387,0.2049734311779806,1.0958911848790374,1
0.3859217137255826,0.4058382038081754,0.36119721724424014,0.5336197430888812,0.1816887624717007,1.0859627874350175,1
0.27064997344258307,0.31442921391926143,0.29161959635951756,0.46238513849675655,0.17082168821555874,1.1178313118690317,1
0.37413246040236503,0.3920400782621043,0.35908778054670026,0.5571524825166253,0.2299824004568269,1.0792886276643836,1
0.3938281561479242,0.47981555357805034,0.4247223645952922,0.5075588261379915,0.152384296997779,1.0974785772369315,1
0.34006413902382343,0.36255889939492497,0.3341264081928537,0.554152841369311,0.19362952249745527,1.08321231234966,1
0.4891240755770166,0.5240646096498153,0.4840613149124743,0.5448296705467833,0.24448673728491283,1.077446245497798,1
0.3835672036240041,0.44997394094145654,0.3985745731676171,0.47617681084999014,0.15161261612471813,1.1006177139173428,1
0.42124442444297283,0.56085313634921,0.5038226802052411,0.49107334886988,0.1511762725366723,1.146949340797845,1
0.43881436041350685,0.5918911301167182,0.5369497179695508,0.5732024512771103,0.15010093534106594,1.080034943567705,1
0.4522051712732093,0.5971757315985251,0.5405291466292165,0.5665533040699205,0.17544800653061093,1.1002523705368425,1
0.4256803667265603,0.48598324753645433,0.44910130338532,0.5318855346009439,0.19708983181282042,1.0985507877423115,1
0.38851389668260156,0.4356057887905428,0.3728357343375611,0.6212759806137336,0.1606759571617371,1.1030378054493044,1
0.3720117851869214,0.40138665915042837,0.374584490797034,0.6052696644328535,0.16150654017110355,1.0528480489280898,1
0.43998198434188185,0.5573036151457723,0.5061803694224931,0.5102682216536432,0.15334522424243568,1.1448108018454175,1
0.46302871907927834,0.452473332212772,0.3965006776730029,0.5405462397262454,0.2709159058285877,1.072792036428443,1
0.28933795485325864,0.3544535256858934,0.3244377890040605,0.47955177472652616,0.15582269199846968,1.1848112407658788,0
0.38078499055995196,0.359837302997327,0.32743179131920125,0.48551601157523694,0.14165299780434,1.1029186994798659,1
0.4558105489286185,0.5774676511991267,0.5124095574746934,0.5709495681027571,0.20722057916120523,1.0702629134845065,1
0.3731334394875305,0.37100842401068945,0.3286686564852582,0.5261898646131158,0.2152151650710342,1.0922653503685888,1
0.4394096414171873,0.5724332750157316,0.5167688586058411,0.5671449605571596,0.16765485218677081,1.111072549019505,1
0.4510824996303361,0.5220175300899235,0.4865663308941295,0.5316503893584013,0.27300411990533274,1.091070996709606,1
0.44608293341582306,0.4530407705256302,0.42371904173468344,0.4702547864057124,0.13099959834071342,1.1243261328483263,1
0.5030526522407028,0.5884656021295767,0.5372326979774827,0.5125733387211094,0.20672518601033674,1.1134688205533008,1
0.45698305858897,0.4699028388895115,0.42679090707387807,0.4818816923846801,0.1716796877121346,1.0952417948258018,1
0.5009006453736092,0.5931747611642186,0.5398930329501803,0.5655983813107014,0.23732021336133283,1.0519368986659527,1
0.45450756062191616,0.48995987359217136,0.4333998420207229,0.5076154140134652,0.28005304109926027,1.1034237037222314,1
0.37245512842153133,0.38744778775428107,0.3654048506801042,0.5356862448776761,0.2058787029236555,1.075219639627463,1
0.40333414224348757,0.4339589093965122,0.3987632095607849,0.4891818375326693,0.15335514837643133,1.0860086527010466,1
0.30838798083410435,0.3790901815897877,0.3449858898772454,0.5084444027967178,0.14154815322791153,1.108087128251488,1
0.42080497907762576,0.4746267264844472,0.44762859418428463,0.48127534398809074,0.15012009943602606,1.0962883033669448,1
0.4717994130142801,0.5463623720785595,0.4824472349782439,0.5603184741456062,0.28346546631073577,1.069244810145725,1
0.4049914118182614,0.4657070990848255,0.42762813367482755,0.5372867272480538,0.15881693734493302,1.116338180733268,1
0.38359767469181855,0.41160552808090783,0.38222948342801727,0.5072363295902809,0.14337011910974978,1.100628338984307,1
0.3325747614541683,0.4076375217540171,0.3581671711186048,0.5583996533726653,0.23253916906348118,1.069404568162912,1
0.4246416114633533,0.4742129371465655,0.4327747687064436,0.5701812662184238,0.1868625809205696,1.0770177631845683,1
0.4039456275570572,0.42356776081954545,0.39094787165298367,0.4267920817320163,0.08379994470953614,1.1310128018866294,1
0.40019255929676023,0.4425344305338215,0.4050287821311489,0.5684559189659708,0.23228763232884161,1.0775394898303208,1
0.2951975910092858,0.41205509607583296,0.3710607457999398,0.4653582081198692,0.20091849726935226,1.1110242215114536,1
0.35932823311861667,0.34480509809027954,0.32930537915392855,0.4919423618250423,0.23051834023661083,1.1022506191630859,1
0.403558265703975,0.42155886714642876,0.397198386769441,0.49595682124296825,0.1264719210099429,1.104046623963307,1
0.5190922749887324,0.6302701922279125,0.5673367528971983,0.5317595933253566,0.12182121090396929,1.1084030375988216,1
0.4390722319699186,0.5313173665269288,0.4566887587467301,0.6129887176187415,0.18128666713049538,1.0918520833361767,1
0.3944535468127643,0.4936099652040687,0.4573382032365605,0.523776303200672,0.17881484719691798,1.073643957656635,1
0.38953570467507265,0.3935740350838741,0.36176627967544156,0.504864012332339,0.22668125311304865,1.0954957541769597,1
0.3461805339107928,0.360326144472304,0.34484376395217364,0.5048273567358653,0.1380552586261183,1.1120021911772404,0
0.4010501210187674,0.481414414437632,0.4494016869752559,0.47729098905216566,0.16186389360915532,1.1122713664987085,1
0.4933262335210982,0.5506141729073977,0.5154788676258764,0.5035801314833489,0.24855013460513542,1.1046196927745369,1
0.40857230106972753,0.4612088517918847,0.42351478507595836,0.44848431818187234,0.12287418051622807,1.1544438923898424,1
0.47330985381838875,0.5305673074899756,0.4922597391466675,0.4855798683487452,0.15464045828244147,1.1285005511852435,1
0.3411954607929786,0.3896057607755855,0.34453659482921606,0.47819776059343266,0.1819128337710236,1.125695638675321,1
0.42194751959157545,0.5504563890446201,0.49240363572555285,0.48676918172055766,0.13122487500576036,1.1345020557431353,1
0.3856678959212511,0.3856469544124024,0.34288186735220166,0.5576842666293184,0.16780438065567674,1.0701647151972626,1
0.39677305433980353,0.4127850996517972,0.35549125763420725,0.5175912866909658,0.15037171223441198,1.0963757500521463,1
0.4537893895245953,0.5870684972871362,0.528072262955297,0.5664976770548444,0.1869816528143067,1.0929604916999376,1
0.40332565412464355,0.45257833929515706,0.4297821104083811,0.6089670783089053,0.13799361800474505,1.0840471078502165,1
0.4163070422321344,0.4525887501643123,0.4007009128028352,0.5661323938299628,0.21378902797861135,1.0928212361741334,1
0.4719465539633847,0.6137829144433091,0.5433290891284693,0.5163214879317416,0.04366290711590813,1.1152849305400396,1
0.4834885755831246,0.5845056098855747,0.5286354675279311,0.5183868310211793,0.25483184319961333,1.1075820687274145,1
0.3976803511520621,0.4220838570388711,0.3872391638701086,0.4858519068919122,0.15055766117034686,1.0877809132575698,1
0.39350524638612894,0.42716573386477225,0.4024105055350585,0.46511771503303734,0.16063486287436848,1.0959106955112357,1
0.3067560541599512,0.3268312280777643,0.28296761393251685,0.518279052299002,0.11898886147157653,1.084333963372286,1
0.3920019309964295,0.5583397008628787,0.516400137438826,0.5678414445784357,0.09029237708697717,1.0885870666266404,1
0.42741742340648675,0.48246735270452334,0.43179326232915444,0.5558399104047567,0.19822709897804694,1.0491575310787882,1
0.46541032844687535,0.5324307327079101,0.46380584234229855,0.49427208453416827,0.20380073476893207,1.0965229849751947,1
0.4447304617458056,0.5898732009508093,0.525553205450701,0.5284318619718155,0.14276160480221733,1.1143439742376484,1
0.41383051448657276,0.4516427323345649,0.3960234847589607,0.5388545912823507,0.14258878237784042,1.0723653857467095,1
0.3226898593317466,0.43053582287879827,0.39903290637750805,0.4644735112786293,0.187631778139621,1.1161413841951948,1
0.5687620419772179,0.594606644607159,0.5623774658441234,0.36427680281774394,0.0591597291631698,1.173231783250767,1
0.4435852196929793,0.5039310240901339,0.4490248133529626,0.5519507278043491,0.18215741916523817,1.0896831713816657,1
0.47987343135018734,0.5168819695598202,0.4638410729446507,0.4633685430402265,0.09436157514231608,1.1209518073546558,1
0.4958355648320058,0.5840105138479782,0.5174482714028346,0.5175807023339946,0.23223681466491974,1.1059638658639832,1
0.5145847491686123,0.6021615293184526,0.5514063702268237,0.5790000472217798,0.2670115428976715,1.0565742899133406,1
0.5393392000040556,0.5372077999456664,0.5231677369196134,0.4925478780642152,0.16508867777884007,1.1538073692051791,1
0.3675459456559056,0.36721565543507223,0.3423213602305441,0.46312317007686943,0.13291081271017902,1.090445356979939,1
0.3302750394407248,0.35488146771897333,0.32120882661740624,0.5377181909150548,0.08914768038731483,1.0591353648232755,0
0.37887665524763353,0.4057617397082392,0.36504823151152954,0.46673913958861873,0.1785809320733986,1.0815856935969559,1
0.4572031929023275,0.5336643797112639,0.4785960839843514,0.5068868739264352,0.13827069844340995,1.138096579413174,1
0.41301444747401517,0.400038536295789,0.3741869987235993,0.5946423165938434,0.2739835711031714,1.0893928523847936,1
0.4385573397546411,0.44725285415327765,0.41712035828641847,0.49658011412248015,0.15195297909667715,1.0603211245451973,1
0.48059955366433516,0.5848174262720612,0.5391451843415781,0.5514825215055184,0.15242520450953057,1.1192156455287503,1
0.48207738701683667,0.5950993320611141,0.5680188584228163,0.4886934950270436,0.19433969056064432,1.1395581989394146,1
0.32195261206311643,0.3818250206897886,0.34198343078922633,0.44339888071020445,0.2919083615920196,1.1601833184280677,1
0.3813819221610784,0.4965109804852699,0.45151396991906045,0.5654056783279647,0.1583390091140957,1.0791959145549497,1
0.4275619363656684,0.5127729237892257,0.4779131133120063,0.6397187825172178,0.25697814061066077,1.087783275368436,0
0.47931833289202797,0.5339625147467273,0.4979969235224016,0.5104686268444719,0.07835943585438333,1.1147049052655955,1
0.45235192730152285,0.5496049907667039,0.4863678782270991,0.5472971453246745,0.17179141422225672,1.0913865228929565,1
0.39983400246744255,0.4315052013560599,0.3882355385645176,0.5070012623542234,0.18472846352348202,1.126270499648387,1
0.4264985239252448,0.4579779890239269,0.44015274801583754,0.4809253294434812,0.17522488173304332,1.0829433263878783,1
0.40493185593917735,0.48567195844076133,0.43710486599167936,0.4567613777789203,0.11963170601732352,1.129369790025459,1
0.3008359706073107,0.3474423810804617,0.330662489529262,0.44548307607571286,0.17173027200624347,1.1314082569188406,1
0.3104365976932333,0.361362412852928,0.3429691836993782,0.48925250334044296,0.20682740995349982,1.1183191759403701,1
0.42539673063175926,0.452067876331475,0.42184013762015243,0.49135536790170053,0.18153381640850394,1.0823249757201077,1
0.4413611562386269,0.5382632525511531,0.4835911809647169,0.5338987831188284,0.20115888360685305,1.121900804943397,1
0.4012108802630122,0.4431611725558731,0.40262759450478663,0.5830766446078601,0.2040915520173376,1.0525622001650627,1
0.4411908426785987,0.5181234420553243,0.4683427857147578,0.578257322544232,0.21267903999735913,1.0342170999500675,1
0.42000803593650693,0.43634955051797286,0.4060143084292335,0.5414911292712478,0.20175365218892694,1.0757128245574792,1
0.459437552523539,0.642998477996371,0.5750429612589334,0.6204792860307191,0.21446689249653567,1.0958601670555825,1
0.4084457131530548,0.4339720427423151,0.41279453383687004,0.4923567550168151,0.15639136212744884,1.0960319658181428,1
0.4048631355720958,0.40780354141616504,0.3535745090454169,0.5371532201766968,0.1524558129409949,1.0642173378458837,1
0.455375501701118,0.5012892642571933,0.46064171619870276,0.5792554706773337,0.20508724856464303,1.0751012085056337,1
0.35463766633688565,0.3714023634595439,0.3539667648748855,0.43945453954594477,0.14528116630390286,1.0816222860946332,1
0.4086053830165605,0.53288397003577,0.4665666272048365,0.5568263042589714,0.11880363551257499,1.0678531619708533,1
0.4665979953212697,0.46774837927305785,0.45823498457113077,0.46767620493968326,0.18823449392661903,1.1260066469664805,1
0.3454454708975643,0.39204368051101895,0.34688698905502496,0.4782242406159639,0.12480458491481841,1.1032357047808534,1
0.33678580986225565,0.37119677427375347,0.3678000672237209,0.4958051238209009,0.2549961272937556,1.11565735034342,1
0.39910413005924994,0.4496994276305139,0.39171051732695167,0.528624661344414,0.19389485540644577,1.0926398118738347,1
0.42610733843984155,0.47118597292736014,0.4448447067096552,0.515928092567871,0.15898026086991499,1.096576561496226,1
0.4297249940254062,0.5317357172423539,0.4758464189466354,0.5210566079864899,0.2823611182393506,1.0785856621711634,1
0.3915006010180902,0.4773383200107089,0.4386744587183148,0.5158082895601789,0.19379430582436422,1.0774543700117778,1
0.4943902333529108,0.5077115290060542,0.48003512988135044,0.5343330839276313,0.18292525496333836,1.102227201091308,1
0.5071374632215913,0.5386093338198499,0.5037366568994949,0.4983533560298383,0.15446875782799907,1.1414849208887015,1
0.4180081649457505,0.48958532404299526,0.43051978332633073,0.5368152690284392,0.15723143537145326,1.0937720089283998,1
0.41377913933320726,0.46022383090213814,0.40941615436830875,0.48654918268322944,0.16188607693184168,1.0685426171504888,1
0.45465882795931867,0.47712798070352425,0.43948933186655914,0.473422826239557,0.20566027127488545,1.129744002299221,1
0.37590010236245824,0.37819634367998134,0.34737344350369165,0.44829132631421087,0.16210441465179126,1.1057361940928663,1
0.44888627403432646,0.5358926555524189,0.5068783614362696,0.43995810638774524,0.144483388655565,1.128264386316078,1
0.4837838138453598,0.6659480213256155,0.5989731182030604,0.4339087281065683,0.10891339225539316,1.1209750565695138,1
0.44662747041779793,0.5088720188124133,0.47485098568456907,0.5444393173481027,0.15406459046547147,1.063868247792053,1
0.44574512742903677,0.47356654498516143,0.43114668194198735,0.539635306707135,0.24441485960657397,1.0615941698294182,1
0.4041672162808621,0.4352723253792852,0.3904853585852835,0.4472971772775054,0.1146252770946982,1.1503556291865047,1
0.4089970966594747,0.4644700627332831,0.4100106726187935,0.5714803155835556,0.12964634618559934,1.0684878299906015,1
0.43361605069308023,0.46400993098163906,0.4223529582988557,0.5107692262002578,0.13665954020689242,1.0826388622639083,1
0.45754005125512864,0.513303101792077,0.4643778668694965,0.5093766014593152,0.1528943596618214,1.0787218722780079,1
0.45247933631492576,0.5357762206754676,0.4811933204079757,0.5363433719612658,0.16129281307803467,1.120975520345337,1
0.44672465052275717,0.5177951664606179,0.4953722693527888,0.47145600752397016,0.1769994277168404,1.1410631853147661,1
0.46810987690850825,0.5944235132374575,0.5456514145366925,0.5003993801934563,0.19884309558319332,1.1285325958961325,1
0.3989017505808417,0.44949593732331355,0.4075965512379161,0.579483387991786,0.28788097326954204,1.0606613604329305,1
0.41082870196816146,0.4566880128796745,0.4064144074912404,0.5450250258876218,0.3210703019466665,1.1079540810049013,1
0.39290080509569003,0.4329337047001414,0.3981404450005413,0.5325892848894,0.12843492825631983,1.1141586428159598,1
0.47265546001518804,0.5206902454545259,0.47052747198084344,0.5759583977051079,0.2545907445892226,1.0504062464019284,1
0.41886369899156106,0.5785221716297158,0.5187526784042067,0.5207509686726899,0.11562171847825604,1.1266508334887964,1
0.4514255209237154,0.4781064302417836,0.4538072265066742,0.4476863509044051,0.05308338303972657,1.1269226914970623,0
0.3294954588929206,0.28832632107347794,0.26243302115237965,0.5865908774602062,0.1786990967572338,1.07971418789948,1
0.3748187242544126,0.40191830542877227,0.3779315747341098,0.5463440569446367,0.19801505178432255,1.1155218024825582,1
0.5062052741194006,0.5732833250375248,0.5331025447394503,0.5551626775413752,0.19287154113408178,1.0782910753897181,1
0.5208762120790087,0.5859978552170386,0.5311348487916503,0.5676738034002483,0.24677053506020458,1.0717483277819635,1
0.4959841420627018,0.5606267483994619,0.5277714930317275,0.5029154303794106,0.1718621372167642,1.1427248757914836,1
0.41018303973798526,0.4250795385072126,0.37928584555214284,0.5724184754426065,0.1859400371879177,1.0991908598711728,1
0.42063876105369385,0.5474147580776091,0.48400793900328554,0.5716797779111759,0.20009891400316163,1.0788157458269994,1
0.4998087705658845,0.5757600950562954,0.5568283524738801,0.4994757766412063,0.17829866969788616,1.112827669966248,1
0.3508100192321885,0.3922418886927513,0.363925223184903,0.5209961811962881,0.15811067063508458,1.0968069390709578,1
0.5000157237453716,0.5193854069655592,0.4890650031224123,0.50141162706746,0.18456858000200654,1.066105547900661,1
0.5694838466740132,0.6083391494122364,0.5714201674235116,0.4982467292807996,0.09372387174225878,1.1106816694938564,1
0.3128512668907936,0.3895674098840285,0.3709169193781121,0.4743930598100026,0.2324338445905596,1.1270026492874348,1
0.43504977828270464,0.5355763493519708,0.47706850066014594,0.6624960781712281,0.23628353278495765,1.0671223001816377,1
0.3289641687885476,0.41714382612895023,0.3622539576978819,0.46866060482958954,0.07269231101963669,1.1008895662776503,1
0.38266068324087554,0.457752647466239,0.39551647980929844,0.48851714527700096,0.13190291773935314,1.0863787999906809,1
0.42626139813379565,0.4155011113095438,0.38149817877315806,0.5942690336309812,0.3135830517858267,1.0454770628510013,1
0.3970916132371087,0.4576928157608811,0.41901597383316447,0.5048789020317296,0.28279713075608015,1.0821162983559385,1
0.4421150913473932,0.5081449192426446,0.45583790984532846,0.5391268418480952,0.286596860550344,1.0847112301968855,1
0.4034717607638912,0.4730883645784261,0.4075010269611678,0.5080704119056463,0.2433402356536438,1.0860989764455546,1
0.43174698414246504,0.5176483419366157,0.4815145714134052,0.4579706418920647,0.15492161509411578,1.1295978991436906,1
0.42271559894489136,0.44270805690949255,0.4018135051835658,0.48630624369252473,0.1118226267863065,1.0949535550826337,1
0.46536737859754446,0.5274112063969428,0.4930586669127626,0.522357751192017,0.14880671788176353,1.1072663099830804,1
0.4079751027996563,0.488292478688221,0.43822021646444154,0.5138385930231639,0.1709850044483889,1.114696689595002,1
0.40517832219523753,0.582270734947675,0.538434790484461,0.5611399759848913,0.07234524618575557,1.094644191777338,1
0.44813894380768066,0.5211016038823255,0.4614228339416109,0.5021160877206259,0.21083003677065587,1.0941043882697223,1
0.5091585653509676,0.5716079184458379,0.5421328301442183,0.46748540635136043,0.1387793849518692,1.1240482573320978,1
0.3738027654221195,0.41342822598727014,0.3912978127485136,0.5903056110105207,0.2393372283287106,1.0464233903009903,1
0.3712075467470802,0.44320434540345094,0.393914465545162,0.5166772005589385,0.11313513141419543,1.0727708782962493,1
0.39446745685962675,0.4691678798899378,0.4276096821824583,0.5066312345174643,0.19993541405822796,1.1202130523216607,1
0.44707417476140776,0.47007310336139707,0.43793214891795845,0.5246996016878831,0.15921116536973337,1.1172166996873838,1
0.36100775750723885,0.41204018282665095,0.366053722026046,0.4649189358192777,0.1785513792660028,1.1329195371485237,1
0.4802643085130504,0.5245109244268309,0.48702988677239983,0.45536868056903285,0.20893813302326533,1.1021603376964797,1
0.43944985081895827,0.5643769538331209,0.5100875519318032,0.5458980124029849,0.14142474512078074,1.0616667719590687,1
0.40841662831833847,0.46954616207411987,0.4300942632421054,0.5330955366830568,0.15670749429814718,1.0635158807633758,1
0.43049451079067247,0.4826068187875291,0.45164474765364726,0.513417115341872,0.11210213856538757,1.0862446368408312,1
0.46721006583113733,0.5895908965588028,0.5236240824050613,0.5765126682817936,0.19288897549267858,1.0599631242215226,1
0.4123271887614318,0.5084147225416873,0.4475377364591681,0.5454986684996149,0.23291535863814794,1.0726970877892366,1
0.34180289814985354,0.3731238324533492,0.34269908439676267,0.5386633628772365,0.20158415354995263,1.080677839742899,1
0.4396121152166699,0.454409193159748,0.4390939865829213,0.538622481172735,0.16115935024890032,1.0915704199028395,1
0.40245118363806426,0.45961050964348854,0.4302573100552798,0.5230507896178298,0.1864673504088488,1.0759173283839467,1
0.443807371607337,0.6540207287736887,0.5888829756794212,0.5644811056554317,0.1887563323094086,1.08536852811397,1
0.4332865090081219,0.49609243494013855,0.44407213901401255,0.5129996642159919,0.23497873469023034,1.111430694219749,1
0.40056554944386413,0.5181857285789573,0.4742918279206063,0.5694053309119266,0.16130813897546867,1.0892016242300666,1
0.433828787917196,0.5113173192759842,0.45369280267484446,0.5467579412189397,0.23631956411356275,1.0712175385148106,1
0.3792407552656416,0.45112487277940955,0.411292222687214,0.5121881450215976,0.15316889638391634,1.0938002850652693,1
0.3431643224029042,0.3423073970534496,0.31791501033407693,0.4207582543001455,0.10313172992318868,1.2126362692112276,1
0.3761729986591713,0.4455477004518819,0.38742294169035313,0.5442273111719834,0.1859322327728334,1.090697369994006,1
0.43957563574372954,0.44773220759726917,0.4183011738126601,0.5358261097418634,0.17018192418311773,1.1180053020533935,1
0.35883436982523925,0.4345765895827227,0.397163016819509,0.5069518882249083,0.12346914729347364,1.111266377533728,1
0.4515438984357352,0.5188439479539168,0.48351120065704906,0.5060861663271984,0.27252605711692013,1.1187298699052117,1
0.33856121008612705,0.3290624241794897,0.31042452223184336,0.5678525641560555,0.324849475394277,1.046829482076615,1
0.45171444767865654,0.5137669306418629,0.47565299585203646,0.55286028694648,0.20462625874922827,1.07686299757487,1
0.4880230202205875,0.5400697380602004,0.4874106953777814,0.5508605658076704,0.20436830564867706,1.077122746311023,1
0.4207878238121475,0.4880659144023208,0.4535289621681311,0.4493475173007358,0.1784535089507699,1.1356790383794486,1
0.4907223543979784,0.5204021474278638,0.49103474632272126,0.48813126871192997,0.16777046067132192,1.106276585426967,1
0.4000031386208418,0.4534316346221717,0.41360202180886096,0.4921124977990985,0.10588053132717808,1.1228434617677556,1
0.3715330265549195,0.44839296006697893,0.3998217869363152,0.5832312975464196,0.17467507733240853,1.0684969889070999,1
0.4647496480509779,0.5301175597809983,0.4821906445816065,0.4685070836502645,0.1787748420999075,1.0941183821458718,1
0.4045322590968568,0.4698882737619465,0.42160851043749253,0.4831589347838114,0.1737235316055982,1.1227269055163929,1
0.4245782001837708,0.5578242360967854,0.499767926887884,0.5116146264287332,0.23663080926053226,1.10391768718586,1
0.45694319302049063,0.5662565257671051,0.5024747026005625,0.5459776783568991,0.165809889168789,1.0948538825116574,1
0.46014019192732036,0.5519227234884483,0.4836408153990907,0.500477920083896,0.21901965202540968,1.1194509463459987,1
0.3593432852080741,0.3547954786119736,0.3223593552632844,0.47074693255126476,0.17297922537545674,1.0781605316006981,1
0.5118133133435252,0.510718172488252,0.4844946582291323,0.5051445630379021,0.13567471228452632,1.153423811100804,1
0.4656501041603649,0.5278488499642757,0.4934131385070087,0.5136496479191431,0.12876737708362138,1.1133383230025145,1
0.4320072149586387,0.5062909166437989,0.45899123126360775,0.5383155463557494,0.19858842666604018,1.0990842235768215,1
0.6203288339655609,0.6577133806988072,0.6187438204382378,0.4006878020611174,0.08806064010975112,1.100743071141815,1
0.4712077952446816,0.5249594377600543,0.5091233933799246,0.4948961138725281,0.11736218229105527,1.132463100952035,1
0.3246301451612669,0.3723598575718366,0.3560201867019274,0.4761867310319628,0.18907046700561686,1.1262101844187975,1
0.276572664996978,0.39764317205461874,0.35957919410835176,0.4890579090764125,0.17278296985508254,1.124007052383581,1
0.3152143646615326,0.4051102212817506,0.3762189048698515,0.48158974666148424,0.1210292199975811,1.0856142777133087,1
0.4195442520951495,0.5247294915689539,0.4692059799455889,0.5655618431536775,0.2119920856172317,1.0932853736871075,1
0.38861106755485847,0.3953130916497641,0.3453112613442504,0.5005230321457573,0.18529687982107348,1.1139440917052936,1
0.38589266112535414,0.43237731347043723,0.3844361898517331,0.5779051448847796,0.21530299260205513,1.0765307932489432,1
0.4518919333837976,0.6349676117103524,0.5641183139834139,0.5369462765414607,0.17116309522481804,1.095039146194697,1
0.40724137334274324,0.44648278088652554,0.40711109331703454,0.5624675509684226,0.16171103080405907,1.1056090632836713,1
0.37273578530612284,0.4065085515341083,0.38420934884721497,0.4773954708129168,0.10485504455864429,1.1298554124921492,1
0.40405816627864466,0.5608511688385707,0.4984878614574355,0.5525093462646884,0.16713509785682512,1.0930954900704857,1
0.3870754161553005,0.46811479835770636,0.42494969220614653,0.5494507270909491,0.17156132598341042,1.0792590513311828,1
0.43687165715080106,0.43553565969899816,0.39715084313828736,0.5351078225985954,0.10889832044057057,1.0591503946071654,1
0.5136300049775534,0.5452926064425851,0.5119142464500396,0.5841159832019073,0.24239198641421703,1.0596457309935343,1
0.5630112038801928,0.5834075274683055,0.5591339040888683,0.5133746564388275,0.1726990567985922,1.1237238587314957,1
0.4165837131457294,0.501019714869743,0.4606730570815531,0.5325368585181423,0.18994356109760702,1.127306052213702,1
0.35457628960082666,0.38488165716252337,0.35285513320064305,0.49314957205206156,0.13842355485151833,1.0891675439705488,1
0.5130627377811166,0.5443537400245984,0.5130443227107073,0.5056216372177005,0.18033388993353583,1.1503528377777925,1
0.41017867244843365,0.5028070871530049,0.4625443721966804,0.4975024239922112,0.20841557314534756,1.1142501798974727,1
0.484642256553864,0.5331174114855006,0.4914556462091177,0.5388614535331726,0.20319561216120535,1.1063539344036089,1
0.46065264932031685,0.6057162953475764,0.5434807786680724,0.5867391224536631,0.18466360608969504,1.0811875801746043,1
0.37370913715093806,0.40242491908914474,0.35983667298106725,0.5268234335459195,0.1645693865318138,1.0924997975572055,1
0.42486729446567284,0.45892827831514293,0.42882666615836507,0.5355141137914704,0.11042886396658978,1.1005075250827407,1
0.4302969646957898,0.5439267737007377,0.4912347755462678,0.5683223982544049,0.16699731959860123,1.0839459303115127,1
0.4615260802199413,0.43576068834944104,0.4032453071180362,0.4749062686330742,0.15938801882374617,1.1339783925402784,1
0.4346260512622716,0.44873161116831456,0.407122935282445,0.554715210243183,0.1874293866019477,1.1071433247379172,1
0.49651259611190685,0.6068272820340924,0.5436534870460482,0.5280515048652887,0.15926457385648973,1.1003154894442304,1
0.44069703528145754,0.48075877111278037,0.4244213814208894,0.5338600806891918,0.2650233498541638,1.0921798480378646,1
0.5125099429362862,0.5575473471031314,0.5032453654782671,0.5338952546007931,0.1542345458525233,1.0747755075744496,1
0.4416962957840651,0.48446293083350533,0.4604832026208562,0.5339099283640584,0.23640671158985546,1.049178393322809,1
0.4298094533002618,0.5264452682096529,0.4655673885689033,0.5457521346397698,0.18823399029982588,1.0676186097715918,1
0.43389439169318866,0.4417157361555663,0.40046496795870395,0.46075658716153406,0.22315213720624646,1.1306354163625967,1
0.44491252042432156,0.5409921600783666,0.4699514663679289,0.5455239922222164,0.1888800427162399,1.068698800432407,1
0.46310677169782916,0.5481434612417118,0.5231401632799297,0.49473289942199533,0.18222667700187725,1.127206620473298,1
0.3943762588450451,0.5151670306189546,0.44888152591509856,0.5569041461190757,0.17418314706232838,1.09495304091135,0
0.48581070875785737,0.4644388465024429,0.43851706354039727,0.5609145589718004,0.1468384097807291,1.0768041707512415,1
0.4257907510635519,0.4284044049700464,0.40727744082770967,0.5178150733311971,0.21317384025702873,1.098791143779072,1
0.47338021068256475,0.5132616344162657,0.4823337842843073,0.4985403489608031,0.1766477991755192,1.1170256144382755,1
0.42590856635598934,0.5052011290443147,0.4611524467556798,0.5286063924431801,0.255894037677596,1.075688440042256,1
0.4293994974601671,0.42233298280944126,0.40728091753344425,0.49723953540836063,0.1704067745678393,1.0671715159469284,1
0.36551593029815804,0.4263696116159668,0.3951212705817686,0.5575401904061437,0.23541610424096385,1.0649773830069984,1
0.3053711741247333,0.34749597239562874,0.32493438045032397,0.45362522740449224,0.13128032076305576,1.1062292700283625,1
0.425619953558537,0.43930477769904935,0.40776037490315586,0.4828050285991695,0.18697737401558293,1.098158082763574,1
0.5377779800410896,0.5777927361031838,0.5555037926257318,0.38107131971489816,0.09269495390444285,1.1549011658510493,1
0.3995863673522549,0.3959544483918411,0.36270660444146036,0.6069035166326691,0.3555869035053012,1.0416568037234188,1
0.44658292294287927,0.48924537229444226,0.46030528104195234,0.48414009756275583,0.18765645233049458,1.1593845579089561,1
0.4391898232133774,0.5687317229151199,0.4905324026495573,0.6300014363307702,0.21415565307497195,1.0764981537791682,1
0.5152756878543363,0.5742536537469306,0.5291320241799443,0.5452538616415383,0.28440700347224873,1.1202774462974252,1
0.382874131476293,0.34528586102625825,0.32722087826662255,0.45514317069734844,0.10866658444449838,1.1066013164066355,1
0.45103779666442056,0.5008742264547562,0.46969332201621705,0.5479345019710692,0.22906493127198987,1.0927175662864241,1
0.40509256032225854,0.4804051685358742,0.4128473140164979,0.547509356836478,0.2836157217621803,1.071525100161419,1
0.5716751235948002,0.5941937705179905,0.5700841502408438,0.41658158926293254,0.09138043441842976,1.1340332613551591,1
0.4019279591038957,0.4349567158659178,0.3892555694323846,0.5549458558742817,0.14524189930480833,1.0841558149006834,1
0.3795309124398849,0.3925034021124883,0.3739384842044546,0.6457961574196815,0.3287503644824028,1.045772090997618,1
0.3994598587530568,0.4141377884195488,0.3749671782415955,0.4657988500595093,0.13009603683836757,1.138505737302409,1
0.3824480248075025,0.44622236320912634,0.41432137586053347,0.49949628999456763,0.15682502347044647,1.0704819553055192,1
0.3721116117674489,0.39135065147374626,0.35828614025344113,0.45840913336724043,0.14002340286970139,1.1331953198055478,1
0.46770189742287227,0.49554778267941413,0.464372004315263,0.5097025402567603,0.2019742696800015,1.1091408013230741,1
0.43383944738118235,0.49837760785922736,0.4418339219484088,0.5644503546257814,0.31101171327754856,1.05214277072994,1
0.36916062664403015,0.44183581223930013,0.3866404289467791,0.492929857224226,0.1796327700161121,1.13324191566657,1
0.4720404833395722,0.49240647555117983,0.47171959105127304,0.4706685370342298,0.15567466946826738,1.1156346830340547,1
0.4511085440560422,0.5588566753589738,0.506321262387917,0.5410358022366252,0.14339366809110202,1.1094919493076079,1
0.38231318272572096,0.44221507721194314,0.39610138282782553,0.5131014141564568,0.11004027023833866,1.0951720251016541,1
0.4221532390015814,0.5084392441084503,0.4496175072905957,0.5597450693740564,0.25336845988846,1.1086962111660479,1
0.4025343493145441,0.5203096756085988,0.4892380143010318,0.5474148163428674,0.1633443764040772,1.0978346206752572,1
0.3801407893943196,0.4099671205248529,0.38219052468671855,0.5870015668372314,0.32433461422721543,1.0633322127274971,1
0.39298524687275926,0.48413428072825027,0.4198576853853446,0.5146789298289351,0.12428503237768179,1.1071012947694796,1
0.40841299627603056,0.6236160422274133,0.5672102181760054,0.6121598378471707,0.1418467673432568,1.071918125208278,1
0.42782743404259316,0.4628468998253168,0.4277946282233792,0.48178970627486706,0.11482220416655764,1.0980396089901334,1
0.4889446472894873,0.48765993308043115,0.46797630644559335,0.44991658022627234,0.15690883714705706,1.1401925429747852,1
0.42817908719681447,0.46276450952924364,0.4267781075648781,0.5996858374742062,0.1651043202728033,1.0489019211534765,1
0.38471643395548094,0.4498014954767036,0.4062272726508825,0.4685001124938329,0.09485187273821793,1.1118055660676556,1
0.483945094343988,0.5870118016378029,0.5414126672306315,0.47600749880075455,0.19269782016053796,1.1319508435200905,1
0.406670892265475,0.41872226092311443,0.3851220735180568,0.34524651610028045,0.09979056318026082,1.1692217199449824,1
0.4933414725542969,0.6809412487407733,0.6205614378277561,0.564220629632473,0.12220434827560728,1.098396267730134,1
0.3496005203691846,0.4176328576054407,0.3828700599095556,0.42265724794318277,0.09030764009609508,1.1670558433173701,1
0.4464535641015137,0.5200440320422541,0.47816212459401697,0.507109679074751,0.19337938433616525,1.0846655598140214,1
0.34195631754497485,0.340800833619201,0.30460516965535883,0.47535762987008284,0.15919407429721424,1.11123966158552,1
0.35344019319193004,0.41147935493058024,0.37659392786624435,0.5781807888947104,0.18713304201019523,1.0757988774482443,1
0.45090958913296786,0.4890475159219993,0.43425643747015674,0.5738753712465686,0.22109113802622643,1.0691893457452355,1
0.3301190619861511,0.2950627103485148,0.26946068922301336,0.498462609660167,0.1514510201791731,1.133312696935892,0
0.2815382929369549,0.36771782709604495,0.3363135581812549,0.4920705313483874,0.2113217491656542,1.11706855051307,1
0.46143042892266584,0.5810645441945398,0.5324568660472224,0.5119280869908193,0.13079444436794696,1.07335952824316,1
0.4578750038425207,0.49938191590419817,0.47255882176899416,0.66000850101312,0.1965153457234717,inf,1
0.39556117054222906,0.5030597805766727,0.46810882342950744,0.5401063163299114,0.17502724474373585,1.0775879214589943,1
0.3984197249529833,0.43338825049820884,0.362697942033566,0.5070678658472995,0.251065063290298,1.0875854270472103,1
0.44185027657288767,0.5682826206906876,0.5104334053632591,0.532232127111891,0.2100511928345414,1.099936033518047,1
0.4296417877593269,0.4631001075539732,0.4336091723779211,0.5421531349420547,0.1199473398488148,1.0736302440437646,1
0.4138828236831589,0.4981798360105218,0.4509426539661888,0.5251723517264638,0.1484208273682363,1.1041969626559154,1
0.44618426110488246,0.49270745059217236,0.4697122923113451,0.47148409513756634,0.11912769358605146,1.0939630391415611,1
0.365546803003837,0.37428710487682265,0.3393654941301787,0.5037289462410487,0.14101061056582972,1.105120961704481,1
0.40755475145355335,0.47571448590166227,0.4187498434444853,0.5733314484357834,0.16089749857783317,1.035325691920837,1
0.4056835306039771,0.4418445262125654,0.39908012457312203,0.5398091428420123,0.15183946651214844,1.1069871568079848,1
0.4376941436652517,0.5446532688632957,0.4807028840172894,0.5492688701488078,0.2813460810575634,1.1073044050945495,1
0.34074885850182696,0.34959575185461456,0.32487634588368075,0.5078477881848812,0.16253285243486365,1.0790683723213872,1
0.4167286675613653,0.49690091186137003,0.46415613050119514,0.5168881237817308,0.1661467936161595,1.1239207897127141,1
0.43223919573360986,0.5059711049984069,0.46945882853189236,0.5453173738593856,0.1518293982759739,1.0799799970146375,1
0.4360569241410674,0.44751009842419137,0.4044992588286119,0.523757436623176,0.15306276899354998,1.087684590237544,1
0.44766426301724144,0.5194875463230598,0.48306464417401507,0.5132132497114631,0.19040678593759927,1.1454836094216856,1
0.4708355143520012,0.6162964713276259,0.5575878417316602,0.5240994839973393,0.1690499072705972,1.131570708406685,1
0.42453273204439296,0.46986103049578026,0.44816094715862903,0.5186466928571463,0.18445773733158907,1.1246023254321178,1
0.4442272081894133,0.535686056528691,0.4923982037155111,0.5111877921109016,0.1651197830483747,1.1370272613677277,1
0.38468595971549946,0.4316428314905421,0.3902422962284458,0.5635715433112953,0.22628655241113965,1.0604404771326115,1
0.4014112863259145,0.48675542959136137,0.44154648257307894,0.5602201916601347,0.15472453469545513,1.0689070463278063,1
0.41130757546901014,0.5325964025562213,0.4768214421261257,0.5622870232133815,0.20952062009018846,1.059088631228603,1
0.4770588650617589,0.5609257962222902,0.513393640035005,0.526927760698729,0.21289409319352773,1.062115601466443,1
0.37488087186768126,0.45556656388120126,0.3951534158691531,0.5149873831442424,0.10006549782452306,1.1142980063988512,1
0.4467575927133656,0.6226151369015105,0.5548405359332823,0.5374824138358235,0.15981844558070105,1.119788243839175,1
0.37171940031275,0.3952343184871894,0.35727893761110424,0.4812041725963354,0.1648543866855713,1.109516349269306,1
0.4629051050605263,0.6414098011558397,0.574906350139112,0.5634155009280551,0.20925199968571012,1.0779846622734715,1
0.5106099265659229,0.4828439298607219,0.44572623500376113,0.515767476366212,0.15364645792093748,1.0995373343463133,1
0.4017530418053398,0.4588965364129557,0.407886773906126,0.5278998963534832,0.21879501498232667,1.1291181440957256,1
0.3646420183905531,0.42313273062218487,0.3860609823729875,0.4754997796955563,0.10647194039553315,1.128497903855246,1
0.3277872877417141,0.43323703157850135,0.41066196588085974,0.4792506312330564,0.18433404124031463,1.1003277631634476,1
0.4813836282458481,0.6414813931889604,0.5771452404530062,0.5894877834038602,0.15351936532857102,1.0764690015704623,1
0.6476836893279975,0.7181978494943502,0.6664826908634615,0.6798933749752385,0.07177221910041269,inf,1
0.3171040176555377,0.3361599175294346,0.3036786485191622,0.5569385183043778,0.14425223870784976,1.0858014250369437,1
0.43555718233968305,0.5742100157527007,0.5118469045772142,0.5448830154809085,0.15285912384702402,1.0936384579281533,1
0.5042020882269783,0.5334017654370435,0.4945736657929996,0.5036802449160152,0.2289435159182176,1.0971600528148702,1
0.3914061847745007,0.38563541012314495,0.3556049461526551,0.4644358887647589,0.1260979674795332,1.118592656048512,1
0.4974808123415238,0.5085429018992291,0.46973007541724016,0.5169078117469326,0.14787066047938424,1.102645427010689,1
0.55898965875331,0.567328887107735,0.5532954636845234,0.4663212914019823,0.10260090748904206,1.0981810904392852,1
0.4722285931560846,0.5493695020070046,0.5100813119143828,0.5355378254674948,0.14543582839318192,1.0841191954086467,1
0.36168353021831445,0.38183400432847375,0.3531025337040001,0.49150143141547836,0.1517598278587684,1.0699869811698501,1
0.3744227462999634,0.3873733894098592,0.352714117298829,0.5646665580132428,0.22017222193672376,1.07687872819625,1
0.4725829556247047,0.6123675453524544,0.5537788164651405,0.5147346285659642,0.13254260395963988,1.1333670592499847,1
0.4531581314474223,0.5498654455989637,0.48884565353221876,0.5205470092284182,0.2558278279999892,1.1080767525683233,1
0.37165422101294043,0.4094829399714141,0.36442932576633896,0.5239901759972175,0.2069303481063495,1.0889601063326875,1
0.5751526201815811,0.6489344328324932,0.6156222531557931,0.38297381597970215,0.08697494911861472,1.1740359228453265,1
0.41035458646860495,0.46929120938656094,0.42711427408557495,0.5012110924969116,0.12109099485678598,1.1199142788803826,1
0.4643752050426866,0.5960283471922936,0.5235738131769407,0.644170243096979,0.2169951808908464,1.0627597056568905,1
0.35354369028356725,0.4073552986400046,0.38495042739887586,0.5501641049407996,0.20341224176809192,1.1005829027551324,1
0.3199355628159575,0.35084511654495065,0.31798264301500195,0.42848837235942483,0.07730230012869772,1.119140417761361,0
0.3568439091796169,0.40837523000640336,0.3818958054580944,0.5296191067124406,0.15133105497807264,1.101609397039778,1
0.3913081738404825,0.4720265722940249,0.42363540327615135,0.5964724292150803,0.25374516860271495,1.0761695615294615,1
0.39511931212515405,0.39325210919657694,0.36365345755743705,0.5030636456795037,0.20290733948058914,1.0589880498013555,1
0.4482763244420949,0.5355245736745939,0.4860489621026354,0.5230886273396512,0.2986337673889163,1.0828477558714933,1
0.41901467607812726,0.5849946305320662,0.5162693980459279,0.5972425380928649,0.20402984586285633,1.0558266595148573,1
0.5618396815675745,0.6117641469349107,0.5795349134381462,0.4310074362371649,0.106122022128797,1.1687176348671582,1
0.34852204146140037,0.360483634226966,0.3358219459390373,0.4685261814855039,0.17255931754480117,1.0997496943074192,1
0.433539482653008,0.502126284263564,0.4457139131028057,0.5125172017142177,0.2752295265284677,1.066773137800889,1
0.4294558354377897,0.5344926191891574,0.5122324319628606,0.5253145995159303,0.1961850588390183,1.1114139836281074,1
0.4345648442802885,0.524856260576874,0.4864052840985749,0.5580344785315295,0.19376075602485798,1.070606577314963,1
0.47997620405477637,0.5138453895269557,0.44940165234544494,0.4158892920915631,0.09570722145608802,1.1618844573085825,1
0.46142479091029426,0.5001149494588443,0.46758156269174694,0.4985658798366785,0.26532784519561875,1.0896266914123591,1
0.29438638244594356,0.44995756294537487,0.42974811588230905,0.4964628132681052,0.2359318540742,1.0864362899640518,1
0.35701906462795757,0.4103110591752267,0.37542793646363326,0.5006910376250744,0.13405703635265429,1.101787314893539,1
0.4364699993606123,0.4803849140213717,0.4260528320620672,0.5392948086063067,0.29262148884590716,1.086615682604411,1
0.4387160086870985,0.5576759396762084,0.4990907101545333,0.5500672797604305,0.1975131383727918,1.0925240072872135,1
0.3487791477284036,0.346102519545592,0.315176912315813,0.5635645538568497,0.26710160492974167,1.0330717242711642,1
0.41527573891835634,0.4386018102665192,0.39961821570380185,0.47666858739796136,0.07748890953094122,1.1053360981189502,1
0.30645749442346076,0.33190109143573454,0.29262797607426616,0.5290534616662905,0.20989013388036534,1.075944119898033,1
0.5847210471861882,0.6422862834923385,0.6176079911736878,0.4528917674241321,0.12038350432080083,1.1126189807026776,1
0.45567795871165845,0.48390803392926823,0.4577867952583609,0.4404265216489633,0.1463323484190429,1.1503509294925953,1
0.4637679811757215,0.500288684364045,0.45108453610811,0.5235897997051648,0.3132004012171736,1.0935475551776803,1
0.4375464822909947,0.46310008294492216,0.4316702364014334,0.5040656717722876,0.2267328979316772,1.1376153811514853,1
0.4694734619843468,0.4586360154914527,0.426919324946502,0.5067738235100276,0.22939738461799505,1.0673263872135101,1
0.4091342387922279,0.4378214850391779,0.3885540835337001,0.5515399693200985,0.16111673137250668,1.0836552951594214,1
0.3548619763673631,0.3705807709403624,0.34306686268572933,0.46092607371974736,0.13455832116596866,1.123975584353905,1
0.37762728008653357,0.45281989922045773,0.4143906523582463,0.5464926523466905,0.20747366071575218,1.0624316147753197,1
0.36805383094075206,0.4036591829381067,0.34454199949213127,0.4949143022919695,0.2370264072281619,1.0891499872896953,1
0.4958627046459237,0.5761758738717929,0.5334353878110916,0.5478045420410732,0.1625959581894373,1.088674911745729,1
0.4782108381884875,0.6379610326920382,0.5806865909434483,0.5231824895987908,0.1681212835634748,1.1169405798017373,1
0.33680688164814676,0.3080365568861275,0.29210219983577784,0.4917409871430958,0.22110144163974943,1.101391355108416,1
0.3866931843494358,0.3845779186238565,0.3435012053305855,0.5102638714015484,0.19676864625782603,1.066747967518135,1
0.38308306460142477,0.39093317157173824,0.35610587234219554,0.5021865021437406,0.06726323597831652,1.121706322461188,1
0.4531924788168245,0.4990245470534891,0.45193685223587504,0.515934206959274,0.23579437775899553,1.0770926535941587,1
0.377869689374936,0.49407998923338714,0.43803361848266326,0.5051417212401118,0.1666110520147615,1.1034797290904654,1
0.39010768441561017,0.41082696165769694,0.37859128437699285,0.4177076628428222,0.08513575414103215,1.1784703974326873,1
0.42875572461283556,0.4649173521326356,0.4252333742720816,0.5231068924288539,0.10392490440212629,1.0962126193788486,1
0.38793467134350385,0.4099927111129122,0.38907962282697317,0.571978275609367,0.22882914095295265,1.104953861360504,1
0.5405719227094454,0.5151493346007096,0.4897451419884845,0.5077066691592336,0.1841827385360375,1.143536229367394,1
0.35266659122772204,0.3984853255966537,0.34480132531768304,0.5247342669788528,0.2344012498472105,1.0846417213261936,1
0.4811085165286467,0.49686788525189296,0.4661048769373349,0.5112147915821809,0.20540193629522735,1.0971647114413143,1
0.4174662923285217,0.542151727972864,0.4748821638821147,0.6314570723395598,0.20678936297956266,1.0792637651055867,1
0.42097987894259514,0.44977231052674044,0.40547097118226727,0.5302323943004013,0.15967347372788937,1.047845527337555,1
0.42497127304894555,0.4659087701367467,0.4245744050848036,0.49587100612766605,0.13657536022091174,1.0744081707152424,1
0.4692576428224784,0.5826101653064587,0.5158098112360086,0.5755542802313963,0.19474545444568825,1.0632714030262793,1
0.443954119798851,0.5078533040613588,0.45241919169554434,0.544649714702054,0.21561596290159382,1.114192979160314,1
0.40700056932549633,0.4640952295634244,0.42328568448490067,0.5006566669584976,0.1740671978202752,1.0877767038444446,1
0.5375495853549418,0.5808164217095584,0.5361392389215248,0.5135879078569512,0.13509857745860548,1.1257246189468073,1
0.46700267131627426,0.4238619867959043,0.39324249875477674,0.47755868631330406,0.2324796449393034,1.1151713561106003,1
0.4189867439101872,0.4753170605394608,0.43291757732489505,0.5149358638915522,0.24216278272456138,1.105540121809177,1
0.45762605805217504,0.49451554755824007,0.44384802363406023,0.5449499029666185,0.2626376560772769,1.0746813592161608,1
0.3069172559280056,0.3658342394939858,0.3466423702402497,0.5156410193691651,0.2587301901852091,1.0668209730381915,1
0.4485728682558145,0.47519910251034375,0.43222802494278656,0.5399586632847786,0.15606831072364002,1.1229174882146384,1
0.4307042085792111,0.4667924083989827,0.4252691261329099,0.5120330162537403,0.20827217388133973,1.1028696031633993,1
0.423605465839474,0.4623126616838722,0.43374678394119587,0.5217830802461034,0.18907403602804007,1.098424390382006,1
0.4516757005204769,0.5763955109693014,0.5119185472083729,0.5551600709105983,0.20531982228611456,1.1166634802388604,1
0.3472071124307648,0.3806986578632571,0.3484732743583487,0.6050559244222111,0.2554212284170919,1.0640419805109946,1
0.41621656859614237,0.521953631413003,0.48516523357996516,0.6199869989700939,0.20685909194719937,1.0356707919664547,1
0.4051391266017326,0.520234164376667,0.49080100098143986,0.5242685717530549,0.17845975049810173,1.069733885272218,1
0.49775681144372924,0.625548301718321,0.5792708559887261,0.47184132167271203,0.18147283929533192,1.158741845342934,1
0.3662102171774575,0.4298980317332014,0.38443269289485255,0.5820278471902661,0.18459677845037178,1.0622738237358742,1
0.4524601519526755,0.5228018159916933,0.47976471949270066,0.5692496170454165,0.21375576050623374,1.0567550755602957,1
0.4379850090025118,0.5044139299733404,0.44941430834349133,0.5719779594556281,0.19176064372846954,1.0988698623853486,1
0.4446704762351391,0.4784380182776447,0.4390175331107235,0.5037050850012086,0.17775761573152107,1.1149260621537171,1
0.390468738783944,0.4929230073630998,0.42075339955730784,0.47734364286849373,0.12040033266928635,1.1532544783578296,1
0.3493603407468472,0.38940406404659295,0.3624215010492215,0.49712934110845836,0.118402555653648,1.1135160834505828,1
0.4416532428664402,0.46528580595737956,0.4332075297350446,0.5509173954206128,0.21552217728458345,1.0857560932131214,1
0.43798717630113276,0.4340656542717962,0.4067305184542989,0.5009552375615939,0.21226153933726574,1.102492437180865,1
0.3420006832795238,0.40020324733929097,0.3849103800039023,0.5273540902882814,0.19004971361719072,1.0859311125955509,1
0.459634877657355,0.5447406978240787,0.4838800942610667,0.5326963242971234,0.13300691874206272,1.0863320439779265,1
0.290969683589262,0.40238748787005835,0.3756258123264679,0.4964630405108134,0.20343140667925277,1.1138630775459162,1
0.44154534729852113,0.5224425237433996,0.4638746331498049,0.5747916226585706,0.22036476728195944,1.0637927964598628,1
0.40935741776334356,0.4379677326782464,0.3801207879539025,0.5220101459026336,0.2066417706720531,1.0373357763249027,1
0.47175688703703134,0.5143814366682323,0.4859865034488276,0.4670028973902975,0.16338631260607925,1.1562992854033507,1
0.3945241683960224,0.40410726973928407,0.3719414993813649,0.5460190531962058,0.23755909176543355,1.08515288382345,1
0.4609556281263873,0.4870101205188638,0.46389096341306424,0.4894732825267009,0.14170090248211262,1.1116557150181863,0
0.40918572464962505,0.46280389306734004,0.4302094554507367,0.4964008469833061,0.1427241624405724,1.1112783627378358,1
0.4710749915930865,0.5386627082415428,0.48761789690794766,0.508802389506908,0.14609929560409748,1.097935157655755,1
0.39902879550959747,0.4752601575473515,0.41548333568200313,0.4758821996904555,0.14527867754832618,1.1157403147895524,1
0.41235299244546403,0.5209493341452432,0.4699204956515716,0.5304444612641084,0.22095504181312495,1.1218737190507484,1
0.43963175325112863,0.4612719704687423,0.4304355839750221,0.60335965775976,0.26249470481393383,1.0849364761220377,1
0.44035241936320624,0.46271791703596277,0.4187874977110532,0.5290525237408777,0.22317332886935523,1.0993242416951257,1
0.40596508955653526,0.4797916378699121,0.42447551517688736,0.48899421505630014,0.23347969418391584,1.1034454082734086,1
0.4582816532662421,0.45814887694065454,0.4363449619936139,0.5857191965464623,0.2586947299254638,1.0391082640853073,1
0.4134269281442485,0.49107708860139004,0.45167608106857104,0.5386023859565074,0.2448232231231836,1.1047857435942434,1
0.4532659473247234,0.48815057946700635,0.4567751590097549,0.5237451754510403,0.18175493243248447,1.1067776984523932,1
0.4434444279507697,0.4869465787410144,0.4690426914899819,0.5407372530963686,0.09200812896920575,1.094733343567943,1
0.36448925309405544,0.4085199667310476,0.36613249374275497,0.5496864069075812,0.22488955908588001,1.0384477075781924,1
0.39108082919160947,0.4466254914197884,0.40975341501031043,0.5700794920946161,0.2639753989642486,1.058070510515459,1
0.42573138763751683,0.5155502765677868,0.4541120164306418,0.5649209906036655,0.2053609732266826,1.1146168333739286,1
0.45947353604920543,0.5375394296144002,0.48480358920790845,0.5062885703197841,0.10217852915781711,1.1199736696211375,0
0.4651956692339515,0.5001876954188221,0.4571772925555327,0.506385443939103,0.1946557222529211,1.0744586104263254,1
0.42463719176081066,0.45017207087874167,0.4197129759431958,0.5269742188975215,0.20371120393683667,1.0764811268094943,1
0.3445938170985243,0.3679543384485011,0.32676223414327565,0.48345241219633156,0.13771481012615064,1.1168750573931499,1
0.35507174517505563,0.3498211083939026,0.33842360189033494,0.48870813101530075,0.18336494000894682,1.067080956114334,0
0.4039944516730118,0.40775371150482637,0.378058715297321,0.5934139570111737,0.3484680225579616,1.0402969613958906,1
0.41315571169198567,0.5059672646539177,0.46618315531881654,0.5512884522185606,0.1508829167304451,1.0855703912032626,1
0.4553516565563769,0.5665324928158123,0.5226338796833162,0.507371952587908,0.19005760059437968,1.100497838990265,1
0.45444737360186094,0.4926522526153768,0.4327825107447759,0.5180428217658225,0.14273408998269588,1.0981447793178765,1
0.4307387919074568,0.4934346267272765,0.4465694482067694,0.48988325288519263,0.2306981711105133,1.0917092455280695,1
